"","frequency","haplotype_id","haplotype_number","gene","species"
"1",0.00024740227610094,"H113",155,"CSP","Human"
"2",0.00024740227610094,"H205",154,"CSP","Human"
"3",0.00024740227610094,"H256",153,"CSP","Human"
"4",0.00024740227610094,"H142",152,"CSP","Human"
"5",0.00049480455220188,"H161",151,"CSP","Human"
"6",0.00024740227610094,"H294",150,"CSP","Human"
"7",0.00024740227610094,"H223",149,"CSP","Human"
"8",0.00024740227610094,"H298",148,"CSP","Human"
"9",0.00024740227610094,"H220",147,"CSP","Human"
"10",0.00024740227610094,"H186",146,"CSP","Human"
"11",0.00024740227610094,"H172",145,"CSP","Human"
"12",0.00024740227610094,"H247",144,"CSP","Human"
"13",0.00024740227610094,"H297",143,"CSP","Human"
"14",0.00024740227610094,"H279",142,"CSP","Human"
"15",0.00024740227610094,"H129",141,"CSP","Human"
"16",0.00024740227610094,"H98",140,"CSP","Human"
"17",0.00024740227610094,"H265",139,"CSP","Human"
"18",0.00024740227610094,"H175",138,"CSP","Human"
"19",0.00024740227610094,"H164",137,"CSP","Human"
"20",0.00024740227610094,"H54",136,"CSP","Human"
"21",0.00024740227610094,"H262",135,"CSP","Human"
"22",0.00024740227610094,"H229",134,"CSP","Human"
"23",0.00024740227610094,"H120",133,"CSP","Human"
"24",0.00024740227610094,"H85",132,"CSP","Human"
"25",0.00024740227610094,"H115",131,"CSP","Human"
"26",0.00024740227610094,"H157",130,"CSP","Human"
"27",0.00024740227610094,"H270",129,"CSP","Human"
"28",0.00024740227610094,"H94",128,"CSP","Human"
"29",0.00024740227610094,"H91",127,"CSP","Human"
"30",0.00024740227610094,"H78",126,"CSP","Human"
"31",0.00074220682830282,"H66",125,"CSP","Human"
"32",0.00024740227610094,"H203",124,"CSP","Human"
"33",0.00024740227610094,"H145",123,"CSP","Human"
"34",0.00024740227610094,"H81",122,"CSP","Human"
"35",0.00024740227610094,"H218",121,"CSP","Human"
"36",0.00024740227610094,"H292",120,"CSP","Human"
"37",0.00024740227610094,"H281",119,"CSP","Human"
"38",0.00024740227610094,"H278",118,"CSP","Human"
"39",0.00024740227610094,"H277",117,"CSP","Human"
"40",0.00024740227610094,"H275",116,"CSP","Human"
"41",0.00024740227610094,"H246",115,"CSP","Human"
"42",0.00024740227610094,"H156",114,"CSP","Human"
"43",0.00024740227610094,"H269",113,"CSP","Human"
"44",0.00024740227610094,"H194",112,"CSP","Human"
"45",0.00024740227610094,"H231",111,"CSP","Human"
"46",0.00024740227610094,"H138",110,"CSP","Human"
"47",0.00024740227610094,"H253",109,"CSP","Human"
"48",0.00024740227610094,"H155",108,"CSP","Human"
"49",0.00024740227610094,"H274",107,"CSP","Human"
"50",0.00024740227610094,"H177",106,"CSP","Human"
"51",0.00024740227610094,"H154",105,"CSP","Human"
"52",0.00024740227610094,"H206",104,"CSP","Human"
"53",0.00024740227610094,"H176",103,"CSP","Human"
"54",0.00024740227610094,"H234",102,"CSP","Human"
"55",0.00024740227610094,"H210",101,"CSP","Human"
"56",0.00024740227610094,"H248",100,"CSP","Human"
"57",0.00024740227610094,"H89",99,"CSP","Human"
"58",0.00024740227610094,"H284",98,"CSP","Human"
"59",0.00024740227610094,"H101",97,"CSP","Human"
"60",0.00024740227610094,"H241",96,"CSP","Human"
"61",0.00024740227610094,"H249",95,"CSP","Human"
"62",0.00024740227610094,"H235",94,"CSP","Human"
"63",0.00024740227610094,"H76",93,"CSP","Human"
"64",0.00024740227610094,"H69",92,"CSP","Human"
"65",0.00049480455220188,"H86",91,"CSP","Human"
"66",0.00024740227610094,"H63",90,"CSP","Human"
"67",0.00024740227610094,"H133",89,"CSP","Human"
"68",0.00173181593270658,"H37",88,"CSP","Human"
"69",0.00024740227610094,"H267",87,"CSP","Human"
"70",0.00024740227610094,"H207",86,"CSP","Human"
"71",0.00024740227610094,"H224",85,"CSP","Human"
"72",0.00024740227610094,"H261",84,"CSP","Human"
"73",0.0175655616031667,"H24",83,"CSP","Human"
"74",0.00024740227610094,"H168",82,"CSP","Human"
"75",0.00049480455220188,"H67",81,"CSP","Human"
"76",0.00024740227610094,"H165",80,"CSP","Human"
"77",0.00074220682830282,"H61",79,"CSP","Human"
"78",0.00024740227610094,"H185",78,"CSP","Human"
"79",0.00024740227610094,"H83",77,"CSP","Human"
"80",0.00074220682830282,"H75",76,"CSP","Human"
"81",0.00049480455220188,"H51",75,"CSP","Human"
"82",0.00074220682830282,"H58",74,"CSP","Human"
"83",0.00074220682830282,"H72",73,"CSP","Human"
"84",0.00049480455220188,"H56",72,"CSP","Human"
"85",0.00049480455220188,"H55",71,"CSP","Human"
"86",0.00173181593270658,"H36",70,"CSP","Human"
"87",0.00024740227610094,"H143",69,"CSP","Human"
"88",0.000989609104403761,"H65",68,"CSP","Human"
"89",0.00024740227610094,"H106",67,"CSP","Human"
"90",0.00024740227610094,"H188",66,"CSP","Human"
"91",0.00024740227610094,"H104",65,"CSP","Human"
"92",0.000989609104403761,"H47",64,"CSP","Human"
"93",0.00024740227610094,"H184",63,"CSP","Human"
"94",0.00024740227610094,"H70",62,"CSP","Human"
"95",0.00024740227610094,"H140",61,"CSP","Human"
"96",0.00024740227610094,"H137",60,"CSP","Human"
"97",0.00272142503711034,"H39",59,"CSP","Human"
"98",0.00148441365660564,"H34",58,"CSP","Human"
"99",0.00717466600692726,"H26",57,"CSP","Human"
"100",0.00024740227610094,"H109",56,"CSP","Human"
"101",0.00222662048490846,"H46",55,"CSP","Human"
"102",0.00024740227610094,"H230",54,"CSP","Human"
"103",0.00643245917862444,"H33",53,"CSP","Human"
"104",0.00024740227610094,"H236",52,"CSP","Human"
"105",0.0012370113805047,"H38",51,"CSP","Human"
"106",0.00074220682830282,"H105",50,"CSP","Human"
"107",0.0168233547748639,"H12",49,"CSP","Human"
"108",0.00915388421573479,"H21",48,"CSP","Human"
"109",0.00519544779811974,"H30",47,"CSP","Human"
"110",0.00024740227610094,"H160",46,"CSP","Human"
"111",0.00024740227610094,"H99",45,"CSP","Human"
"112",0.012370113805047,"H13",44,"CSP","Human"
"113",0.00024740227610094,"H158",43,"CSP","Human"
"114",0.00692726373082632,"H23",42,"CSP","Human"
"115",0.00395843641761504,"H27",41,"CSP","Human"
"116",0.0282038594755072,"H9",40,"CSP","Human"
"117",0.00222662048490846,"H49",39,"CSP","Human"
"118",0.00024740227610094,"H131",38,"CSP","Human"
"119",0.00024740227610094,"H191",37,"CSP","Human"
"120",0.00420583869371598,"H32",36,"CSP","Human"
"121",0.0430479960415636,"H8",35,"CSP","Human"
"122",0.0183077684314696,"H17",34,"CSP","Human"
"123",0.00148441365660564,"H79",33,"CSP","Human"
"124",0.0106382978723404,"H18",32,"CSP","Human"
"125",0.00173181593270658,"H50",31,"CSP","Human"
"126",0.00643245917862444,"H28",30,"CSP","Human"
"127",0.00148441365660564,"H42",29,"CSP","Human"
"128",0.00692726373082632,"H25",28,"CSP","Human"
"129",0.0116279069767442,"H14",27,"CSP","Human"
"130",0.0116279069767442,"H19",26,"CSP","Human"
"131",0.0037110341415141,"H31",25,"CSP","Human"
"132",0.000989609104403761,"H68",24,"CSP","Human"
"133",0.0232558139534884,"H11",23,"CSP","Human"
"134",0.000989609104403761,"H44",22,"CSP","Human"
"135",0.113310242454231,"H1",21,"CSP","Human"
"136",0.0648193963384463,"H6",20,"CSP","Human"
"137",0.000989609104403761,"H45",19,"CSP","Human"
"138",0.00395843641761504,"H35",18,"CSP","Human"
"139",0.00717466600692726,"H29",17,"CSP","Human"
"140",0.0403265710044532,"H10",16,"CSP","Human"
"141",0.0761999010390896,"H4",15,"CSP","Human"
"142",0.00024740227610094,"H48",14,"CSP","Human"
"143",0.00024740227610094,"H197",13,"CSP","Human"
"144",0.00222662048490846,"H41",12,"CSP","Human"
"145",0.0111331024245423,"H20",11,"CSP","Human"
"146",0.00222662048490846,"H43",10,"CSP","Human"
"147",0.00395843641761504,"H40",9,"CSP","Human"
"148",0.0168233547748639,"H16",8,"CSP","Human"
"149",0.0729836714497773,"H5",7,"CSP","Human"
"150",0.0900544285007422,"H3",6,"CSP","Human"
"151",0.0012370113805047,"H53",5,"CSP","Human"
"152",0.112815437902029,"H2",4,"CSP","Human"
"153",0.0168233547748639,"H22",3,"CSP","Human"
"154",0.00519544779811974,"H15",2,"CSP","Human"
"155",0.0524492825333993,"H7",1,"CSP","Human"
"156",0.000332225913621262,"H262",209,"AMA","Human"
"157",0.000332225913621262,"H456",208,"AMA","Human"
"158",0.000332225913621262,"H373",207,"AMA","Human"
"159",0.000332225913621262,"H347",206,"AMA","Human"
"160",0.000332225913621262,"H71",205,"AMA","Human"
"161",0.000332225913621262,"H85",204,"AMA","Human"
"162",0.000332225913621262,"H247",203,"AMA","Human"
"163",0.000332225913621262,"H218",202,"AMA","Human"
"164",0.000332225913621262,"H181",201,"AMA","Human"
"165",0.000332225913621262,"H268",200,"AMA","Human"
"166",0.000332225913621262,"H132",199,"AMA","Human"
"167",0.000332225913621262,"H239",198,"AMA","Human"
"168",0.000332225913621262,"H422",197,"AMA","Human"
"169",0.000332225913621262,"H157",196,"AMA","Human"
"170",0.000332225913621262,"H273",195,"AMA","Human"
"171",0.000332225913621262,"H140",194,"AMA","Human"
"172",0.000332225913621262,"H319",193,"AMA","Human"
"173",0.000332225913621262,"H305",192,"AMA","Human"
"174",0.000332225913621262,"H322",191,"AMA","Human"
"175",0.000332225913621262,"H407",190,"AMA","Human"
"176",0.000332225913621262,"H336",189,"AMA","Human"
"177",0.000332225913621262,"H261",188,"AMA","Human"
"178",0.000332225913621262,"H126",187,"AMA","Human"
"179",0.000332225913621262,"H417",186,"AMA","Human"
"180",0.000332225913621262,"H270",185,"AMA","Human"
"181",0.000332225913621262,"H249",184,"AMA","Human"
"182",0.000332225913621262,"H365",183,"AMA","Human"
"183",0.000332225913621262,"H147",182,"AMA","Human"
"184",0.000332225913621262,"H151",181,"AMA","Human"
"185",0.000332225913621262,"H207",180,"AMA","Human"
"186",0.000332225913621262,"H188",179,"AMA","Human"
"187",0.000332225913621262,"H286",178,"AMA","Human"
"188",0.000332225913621262,"H221",177,"AMA","Human"
"189",0.000332225913621262,"H102",176,"AMA","Human"
"190",0.000332225913621262,"H201",175,"AMA","Human"
"191",0.000332225913621262,"H82",174,"AMA","Human"
"192",0.000332225913621262,"H117",173,"AMA","Human"
"193",0.000332225913621262,"H309",172,"AMA","Human"
"194",0.000332225913621262,"H267",171,"AMA","Human"
"195",0.000332225913621262,"H108",170,"AMA","Human"
"196",0.000332225913621262,"H156",169,"AMA","Human"
"197",0.000332225913621262,"H145",168,"AMA","Human"
"198",0.000332225913621262,"H338",167,"AMA","Human"
"199",0.000332225913621262,"H362",166,"AMA","Human"
"200",0.000332225913621262,"H135",165,"AMA","Human"
"201",0.000332225913621262,"H380",164,"AMA","Human"
"202",0.000332225913621262,"H172",163,"AMA","Human"
"203",0.000332225913621262,"H158",162,"AMA","Human"
"204",0.000332225913621262,"H119",161,"AMA","Human"
"205",0.000664451827242525,"H100",160,"AMA","Human"
"206",0.000664451827242525,"H68",159,"AMA","Human"
"207",0.000332225913621262,"H275",158,"AMA","Human"
"208",0.000332225913621262,"H170",157,"AMA","Human"
"209",0.000332225913621262,"H115",156,"AMA","Human"
"210",0.000332225913621262,"H116",155,"AMA","Human"
"211",0.000332225913621262,"H323",154,"AMA","Human"
"212",0.000332225913621262,"H196",153,"AMA","Human"
"213",0.000332225913621262,"H189",152,"AMA","Human"
"214",0.000332225913621262,"H388",151,"AMA","Human"
"215",0.00132890365448505,"H60",150,"AMA","Human"
"216",0.000332225913621262,"H96",149,"AMA","Human"
"217",0.000332225913621262,"H265",148,"AMA","Human"
"218",0.000332225913621262,"H200",147,"AMA","Human"
"219",0.000996677740863787,"H29",146,"AMA","Human"
"220",0.000332225913621262,"H328",145,"AMA","Human"
"221",0.000332225913621262,"H148",144,"AMA","Human"
"222",0.000332225913621262,"H392",143,"AMA","Human"
"223",0.000332225913621262,"H442",142,"AMA","Human"
"224",0.000332225913621262,"H377",141,"AMA","Human"
"225",0.000332225913621262,"H345",140,"AMA","Human"
"226",0.000332225913621262,"H288",139,"AMA","Human"
"227",0.000332225913621262,"H356",138,"AMA","Human"
"228",0.000332225913621262,"H324",137,"AMA","Human"
"229",0.000332225913621262,"H307",136,"AMA","Human"
"230",0.000332225913621262,"H361",135,"AMA","Human"
"231",0.000664451827242525,"H91",134,"AMA","Human"
"232",0.000332225913621262,"H381",133,"AMA","Human"
"233",0.000332225913621262,"H352",132,"AMA","Human"
"234",0.000332225913621262,"H217",131,"AMA","Human"
"235",0.000664451827242525,"H136",130,"AMA","Human"
"236",0.000332225913621262,"H329",129,"AMA","Human"
"237",0.000664451827242525,"H159",128,"AMA","Human"
"238",0.000332225913621262,"H248",127,"AMA","Human"
"239",0.000332225913621262,"H320",126,"AMA","Human"
"240",0.000332225913621262,"H306",125,"AMA","Human"
"241",0.000664451827242525,"H138",124,"AMA","Human"
"242",0.000332225913621262,"H231",123,"AMA","Human"
"243",0.000332225913621262,"H123",122,"AMA","Human"
"244",0.000332225913621262,"H298",121,"AMA","Human"
"245",0.000332225913621262,"H251",120,"AMA","Human"
"246",0.000332225913621262,"H197",119,"AMA","Human"
"247",0.000332225913621262,"H84",118,"AMA","Human"
"248",0.000332225913621262,"H358",117,"AMA","Human"
"249",0.000332225913621262,"H413",116,"AMA","Human"
"250",0.000664451827242525,"H371",115,"AMA","Human"
"251",0.000332225913621262,"H203",114,"AMA","Human"
"252",0.000332225913621262,"H149",113,"AMA","Human"
"253",0.000332225913621262,"H421",112,"AMA","Human"
"254",0.000332225913621262,"H222",111,"AMA","Human"
"255",0.000332225913621262,"H166",110,"AMA","Human"
"256",0.000332225913621262,"H199",109,"AMA","Human"
"257",0.000332225913621262,"H397",108,"AMA","Human"
"258",0.000332225913621262,"H447",107,"AMA","Human"
"259",0.000332225913621262,"H215",106,"AMA","Human"
"260",0.000332225913621262,"H277",105,"AMA","Human"
"261",0.000332225913621262,"H384",104,"AMA","Human"
"262",0.000332225913621262,"H77",103,"AMA","Human"
"263",0.00166112956810631,"H37",102,"AMA","Human"
"264",0.000332225913621262,"H385",101,"AMA","Human"
"265",0.000332225913621262,"H379",100,"AMA","Human"
"266",0.000996677740863787,"H61",99,"AMA","Human"
"267",0.000332225913621262,"H250",98,"AMA","Human"
"268",0.00232558139534884,"H26",97,"AMA","Human"
"269",0.000332225913621262,"H130",96,"AMA","Human"
"270",0.000332225913621262,"H272",95,"AMA","Human"
"271",0.000332225913621262,"H187",94,"AMA","Human"
"272",0.000332225913621262,"H423",93,"AMA","Human"
"273",0.000332225913621262,"H386",92,"AMA","Human"
"274",0.000332225913621262,"H106",91,"AMA","Human"
"275",0.000332225913621262,"H90",90,"AMA","Human"
"276",0.000332225913621262,"H242",89,"AMA","Human"
"277",0.000664451827242525,"H65",88,"AMA","Human"
"278",0.000332225913621262,"H195",87,"AMA","Human"
"279",0.000996677740863787,"H94",86,"AMA","Human"
"280",0.00299003322259136,"H66",85,"AMA","Human"
"281",0.000996677740863787,"H81",84,"AMA","Human"
"282",0.0026578073089701,"H56",83,"AMA","Human"
"283",0.000664451827242525,"H183",82,"AMA","Human"
"284",0.000332225913621262,"H75",81,"AMA","Human"
"285",0.000996677740863787,"H67",80,"AMA","Human"
"286",0.000996677740863787,"H124",79,"AMA","Human"
"287",0.000664451827242525,"H97",78,"AMA","Human"
"288",0.00166112956810631,"H80",77,"AMA","Human"
"289",0.00132890365448505,"H62",76,"AMA","Human"
"290",0.000996677740863787,"H127",75,"AMA","Human"
"291",0.00564784053156146,"H38",74,"AMA","Human"
"292",0.000332225913621262,"H263",73,"AMA","Human"
"293",0.000664451827242525,"H69",72,"AMA","Human"
"294",0.00398671096345515,"H48",71,"AMA","Human"
"295",0.000332225913621262,"H180",70,"AMA","Human"
"296",0.000332225913621262,"H168",69,"AMA","Human"
"297",0.000996677740863787,"H73",68,"AMA","Human"
"298",0.00166112956810631,"H64",67,"AMA","Human"
"299",0.000996677740863787,"H107",66,"AMA","Human"
"300",0.00398671096345515,"H50",65,"AMA","Human"
"301",0.00431893687707641,"H58",64,"AMA","Human"
"302",0.00199335548172757,"H78",63,"AMA","Human"
"303",0.00299003322259136,"H51",62,"AMA","Human"
"304",0.00398671096345515,"H42",61,"AMA","Human"
"305",0.00631229235880399,"H33",60,"AMA","Human"
"306",0.00166112956810631,"H83",59,"AMA","Human"
"307",0.000332225913621262,"H330",58,"AMA","Human"
"308",0.0026578073089701,"H59",57,"AMA","Human"
"309",0.00431893687707641,"H53",56,"AMA","Human"
"310",0.00132890365448505,"H79",55,"AMA","Human"
"311",0.00598006644518272,"H45",54,"AMA","Human"
"312",0.000332225913621262,"H310",53,"AMA","Human"
"313",0.00697674418604651,"H31",52,"AMA","Human"
"314",0.00431893687707641,"H54",51,"AMA","Human"
"315",0.0335548172757475,"H7",50,"AMA","Human"
"316",0.0362126245847176,"H4",49,"AMA","Human"
"317",0.00299003322259136,"H44",48,"AMA","Human"
"318",0.000664451827242525,"H121",47,"AMA","Human"
"319",0.00697674418604651,"H46",46,"AMA","Human"
"320",0.00664451827242525,"H43",45,"AMA","Human"
"321",0.000996677740863787,"H104",44,"AMA","Human"
"322",0.000332225913621262,"H437",43,"AMA","Human"
"323",0.00431893687707641,"H52",42,"AMA","Human"
"324",0.00232558139534884,"H57",41,"AMA","Human"
"325",0.00863787375415282,"H39",40,"AMA","Human"
"326",0.0079734219269103,"H34",39,"AMA","Human"
"327",0.0119601328903654,"H24",38,"AMA","Human"
"328",0.00199335548172757,"H70",37,"AMA","Human"
"329",0.00764119601328904,"H23",36,"AMA","Human"
"330",0.0116279069767442,"H30",35,"AMA","Human"
"331",0.00730897009966777,"H40",34,"AMA","Human"
"332",0.00764119601328904,"H36",33,"AMA","Human"
"333",0.0149501661129568,"H19",32,"AMA","Human"
"334",0.00166112956810631,"H63",31,"AMA","Human"
"335",0.0026578073089701,"H101",30,"AMA","Human"
"336",0.00897009966777409,"H21",29,"AMA","Human"
"337",0.0245847176079734,"H11",28,"AMA","Human"
"338",0.00631229235880399,"H17",27,"AMA","Human"
"339",0.0421926910299003,"H3",26,"AMA","Human"
"340",0.0053156146179402,"H27",25,"AMA","Human"
"341",0.00631229235880399,"H32",24,"AMA","Human"
"342",0.103322259136213,"H1",23,"AMA","Human"
"343",0.00299003322259136,"H41",22,"AMA","Human"
"344",0.0215946843853821,"H20",21,"AMA","Human"
"345",0.020265780730897,"H16",20,"AMA","Human"
"346",0.0176079734219269,"H18",19,"AMA","Human"
"347",0.00398671096345515,"H47",18,"AMA","Human"
"348",0.0119601328903654,"H25",17,"AMA","Human"
"349",0.0182724252491694,"H14",16,"AMA","Human"
"350",0.0338870431893688,"H8",15,"AMA","Human"
"351",0.00299003322259136,"H55",14,"AMA","Human"
"352",0.0149501661129568,"H28",13,"AMA","Human"
"353",0.0289036544850498,"H10",12,"AMA","Human"
"354",0.0740863787375415,"H2",11,"AMA","Human"
"355",0.0149501661129568,"H22",10,"AMA","Human"
"356",0.00465116279069767,"H49",9,"AMA","Human"
"357",0.00830564784053156,"H35",8,"AMA","Human"
"358",0.0205980066445183,"H15",7,"AMA","Human"
"359",0.0305647840531561,"H13",6,"AMA","Human"
"360",0.0272425249169435,"H12",5,"AMA","Human"
"361",0.000996677740863787,"H74",4,"AMA","Human"
"362",0.0491694352159468,"H5",3,"AMA","Human"
"363",0.0378737541528239,"H9",2,"AMA","Human"
"364",0.0471760797342193,"H6",1,"AMA","Human"
"365",0.00053134962805526,"H250",243,"CSP","Mosquito"
"366",0.00053134962805526,"H251",242,"CSP","Mosquito"
"367",0.00053134962805526,"H135",241,"CSP","Mosquito"
"368",0.00106269925611052,"H88",240,"CSP","Mosquito"
"369",0.00159404888416578,"H77",239,"CSP","Mosquito"
"370",0.00053134962805526,"H189",238,"CSP","Mosquito"
"371",0.00053134962805526,"H187",237,"CSP","Mosquito"
"372",0.00053134962805526,"H151",236,"CSP","Mosquito"
"373",0.00053134962805526,"H103",235,"CSP","Mosquito"
"374",0.00053134962805526,"H114",234,"CSP","Mosquito"
"375",0.00053134962805526,"H110",233,"CSP","Mosquito"
"376",0.00053134962805526,"H50",31,"CSP","Mosquito"
"377",0.00212539851222104,"H43",10,"CSP","Mosquito"
"378",0.00053134962805526,"H152",232,"CSP","Mosquito"
"379",0.00053134962805526,"H70",62,"CSP","Mosquito"
"380",0.00159404888416578,"H67",81,"CSP","Mosquito"
"381",0.00053134962805526,"H239",231,"CSP","Mosquito"
"382",0.00053134962805526,"H133",89,"CSP","Mosquito"
"383",0.00106269925611052,"H55",71,"CSP","Mosquito"
"384",0.00106269925611052,"H29",17,"CSP","Mosquito"
"385",0.00053134962805526,"H226",230,"CSP","Mosquito"
"386",0.00053134962805526,"H169",229,"CSP","Mosquito"
"387",0.00053134962805526,"H148",228,"CSP","Mosquito"
"388",0.00053134962805526,"H258",227,"CSP","Mosquito"
"389",0.00053134962805526,"H128",226,"CSP","Mosquito"
"390",0.00053134962805526,"H184",63,"CSP","Mosquito"
"391",0.00053134962805526,"H291",225,"CSP","Mosquito"
"392",0.00053134962805526,"H254",224,"CSP","Mosquito"
"393",0.00053134962805526,"H240",223,"CSP","Mosquito"
"394",0.00053134962805526,"H201",222,"CSP","Mosquito"
"395",0.00053134962805526,"H124",221,"CSP","Mosquito"
"396",0.00053134962805526,"H227",220,"CSP","Mosquito"
"397",0.00106269925611052,"H118",219,"CSP","Mosquito"
"398",0.00053134962805526,"H244",218,"CSP","Mosquito"
"399",0.00053134962805526,"H268",217,"CSP","Mosquito"
"400",0.00053134962805526,"H74",216,"CSP","Mosquito"
"401",0.00106269925611052,"H76",93,"CSP","Mosquito"
"402",0.0026567481402763,"H32",36,"CSP","Mosquito"
"403",0.00053134962805526,"H121",215,"CSP","Mosquito"
"404",0.00053134962805526,"H84",214,"CSP","Mosquito"
"405",0.00053134962805526,"H98",140,"CSP","Mosquito"
"406",0.00053134962805526,"H238",213,"CSP","Mosquito"
"407",0.00212539851222104,"H36",70,"CSP","Mosquito"
"408",0.00053134962805526,"H217",212,"CSP","Mosquito"
"409",0.00053134962805526,"H199",211,"CSP","Mosquito"
"410",0.00053134962805526,"H196",210,"CSP","Mosquito"
"411",0.00053134962805526,"H179",209,"CSP","Mosquito"
"412",0.00053134962805526,"H233",208,"CSP","Mosquito"
"413",0.00106269925611052,"H73",207,"CSP","Mosquito"
"414",0.00053134962805526,"H64",206,"CSP","Mosquito"
"415",0.00318809776833156,"H95",205,"CSP","Mosquito"
"416",0.00053134962805526,"H237",204,"CSP","Mosquito"
"417",0.00159404888416578,"H51",75,"CSP","Mosquito"
"418",0.00053134962805526,"H162",203,"CSP","Mosquito"
"419",0.00053134962805526,"H117",202,"CSP","Mosquito"
"420",0.00053134962805526,"H219",201,"CSP","Mosquito"
"421",0.00106269925611052,"H163",200,"CSP","Mosquito"
"422",0.00053134962805526,"H202",199,"CSP","Mosquito"
"423",0.00053134962805526,"H170",198,"CSP","Mosquito"
"424",0.00106269925611052,"H149",197,"CSP","Mosquito"
"425",0.00053134962805526,"H136",196,"CSP","Mosquito"
"426",0.00053134962805526,"H126",195,"CSP","Mosquito"
"427",0.00053134962805526,"H71",194,"CSP","Mosquito"
"428",0.00053134962805526,"H212",193,"CSP","Mosquito"
"429",0.00053134962805526,"H90",192,"CSP","Mosquito"
"430",0.00106269925611052,"H59",191,"CSP","Mosquito"
"431",0.00053134962805526,"H183",190,"CSP","Mosquito"
"432",0.00053134962805526,"H147",189,"CSP","Mosquito"
"433",0.00053134962805526,"H82",188,"CSP","Mosquito"
"434",0.00053134962805526,"H221",187,"CSP","Mosquito"
"435",0.00106269925611052,"H91",127,"CSP","Mosquito"
"436",0.00212539851222104,"H38",51,"CSP","Mosquito"
"437",0.00053134962805526,"H228",186,"CSP","Mosquito"
"438",0.00053134962805526,"H222",185,"CSP","Mosquito"
"439",0.00106269925611052,"H123",184,"CSP","Mosquito"
"440",0.00053134962805526,"H255",183,"CSP","Mosquito"
"441",0.00053134962805526,"H14",27,"CSP","Mosquito"
"442",0.00106269925611052,"H102",182,"CSP","Mosquito"
"443",0.00053134962805526,"H288",181,"CSP","Mosquito"
"444",0.00053134962805526,"H125",180,"CSP","Mosquito"
"445",0.00053134962805526,"H107",179,"CSP","Mosquito"
"446",0.00053134962805526,"H112",178,"CSP","Mosquito"
"447",0.00053134962805526,"H271",177,"CSP","Mosquito"
"448",0.00053134962805526,"H214",176,"CSP","Mosquito"
"449",0.00106269925611052,"H173",175,"CSP","Mosquito"
"450",0.00743889479277365,"H26",57,"CSP","Mosquito"
"451",0.00053134962805526,"H276",174,"CSP","Mosquito"
"452",0.0026567481402763,"H60",173,"CSP","Mosquito"
"453",0.0053134962805526,"H10",16,"CSP","Mosquito"
"454",0.00053134962805526,"H293",172,"CSP","Mosquito"
"455",0.00106269925611052,"H138",110,"CSP","Mosquito"
"456",0.00053134962805526,"H167",171,"CSP","Mosquito"
"457",0.00053134962805526,"H150",170,"CSP","Mosquito"
"458",0.00743889479277365,"H34",58,"CSP","Mosquito"
"459",0.00053134962805526,"H96",169,"CSP","Mosquito"
"460",0.00106269925611052,"H166",168,"CSP","Mosquito"
"461",0.00318809776833156,"H63",90,"CSP","Mosquito"
"462",0.00478214665249734,"H20",11,"CSP","Mosquito"
"463",0.00053134962805526,"H134",167,"CSP","Mosquito"
"464",0.00212539851222104,"H87",166,"CSP","Mosquito"
"465",0.00053134962805526,"H285",165,"CSP","Mosquito"
"466",0.00106269925611052,"H92",164,"CSP","Mosquito"
"467",0.00159404888416578,"H58",74,"CSP","Mosquito"
"468",0.0106269925611052,"H21",48,"CSP","Mosquito"
"469",0.0106269925611052,"H18",32,"CSP","Mosquito"
"470",0.00053134962805526,"H159",163,"CSP","Mosquito"
"471",0.00106269925611052,"H116",162,"CSP","Mosquito"
"472",0.00743889479277365,"H57",161,"CSP","Mosquito"
"473",0.00212539851222104,"H66",125,"CSP","Mosquito"
"474",0.00478214665249734,"H19",26,"CSP","Mosquito"
"475",0.0164718384697131,"H11",23,"CSP","Mosquito"
"476",0.00106269925611052,"H46",55,"CSP","Mosquito"
"477",0.00743889479277365,"H17",34,"CSP","Mosquito"
"478",0.00371944739638682,"H37",88,"CSP","Mosquito"
"479",0.0483528161530287,"H5",7,"CSP","Mosquito"
"480",0.0249734325185972,"H4",15,"CSP","Mosquito"
"481",0.00053134962805526,"H119",160,"CSP","Mosquito"
"482",0.00053134962805526,"H204",159,"CSP","Mosquito"
"483",0.00053134962805526,"H192",158,"CSP","Mosquito"
"484",0.00053134962805526,"H180",157,"CSP","Mosquito"
"485",0.0026567481402763,"H62",156,"CSP","Mosquito"
"486",0.0100956429330499,"H31",25,"CSP","Mosquito"
"487",0.00371944739638682,"H22",3,"CSP","Mosquito"
"488",0.00478214665249734,"H53",5,"CSP","Mosquito"
"489",0.00425079702444208,"H41",12,"CSP","Mosquito"
"490",0.0026567481402763,"H35",18,"CSP","Mosquito"
"491",0.026567481402763,"H28",30,"CSP","Mosquito"
"492",0.0127523910733262,"H25",28,"CSP","Mosquito"
"493",0.0270988310308183,"H16",8,"CSP","Mosquito"
"494",0.0313496280552604,"H12",49,"CSP","Mosquito"
"495",0.0345377258235919,"H8",35,"CSP","Mosquito"
"496",0.0377258235919235,"H7",1,"CSP","Mosquito"
"497",0.0669500531349628,"H6",20,"CSP","Mosquito"
"498",0.00371944739638682,"H56",72,"CSP","Mosquito"
"499",0.00318809776833156,"H54",136,"CSP","Mosquito"
"500",0.0249734325185972,"H27",41,"CSP","Mosquito"
"501",0.0334750265674814,"H23",42,"CSP","Mosquito"
"502",0.0456960680127524,"H15",2,"CSP","Mosquito"
"503",0.0377258235919235,"H13",44,"CSP","Mosquito"
"504",0.0281615302869288,"H9",40,"CSP","Mosquito"
"505",0.100956429330499,"H3",6,"CSP","Mosquito"
"506",0.116896918172157,"H2",4,"CSP","Mosquito"
"507",0.0573857598299681,"H1",21,"CSP","Mosquito"
"508",0.000498504486540379,"H439",363,"AMA","Mosquito"
"509",0.000498504486540379,"H327",362,"AMA","Mosquito"
"510",0.000498504486540379,"H372",361,"AMA","Mosquito"
"511",0.000498504486540379,"H121",47,"AMA","Mosquito"
"512",0.000498504486540379,"H256",360,"AMA","Mosquito"
"513",0.000498504486540379,"H238",359,"AMA","Mosquito"
"514",0.000498504486540379,"H259",358,"AMA","Mosquito"
"515",0.000498504486540379,"H370",357,"AMA","Mosquito"
"516",0.000498504486540379,"H360",356,"AMA","Mosquito"
"517",0.000498504486540379,"H145",168,"AMA","Mosquito"
"518",0.000498504486540379,"H179",355,"AMA","Mosquito"
"519",0.000498504486540379,"H245",354,"AMA","Mosquito"
"520",0.000498504486540379,"H444",353,"AMA","Mosquito"
"521",0.000498504486540379,"H405",352,"AMA","Mosquito"
"522",0.000498504486540379,"H266",351,"AMA","Mosquito"
"523",0.000498504486540379,"H416",350,"AMA","Mosquito"
"524",0.000498504486540379,"H308",349,"AMA","Mosquito"
"525",0.000498504486540379,"H402",348,"AMA","Mosquito"
"526",0.000498504486540379,"H291",347,"AMA","Mosquito"
"527",0.000498504486540379,"H285",346,"AMA","Mosquito"
"528",0.000498504486540379,"H220",345,"AMA","Mosquito"
"529",0.000997008973080758,"H175",344,"AMA","Mosquito"
"530",0.000498504486540379,"H46",46,"AMA","Mosquito"
"531",0.000498504486540379,"H196",153,"AMA","Mosquito"
"532",0.000498504486540379,"H443",343,"AMA","Mosquito"
"533",0.000498504486540379,"H420",342,"AMA","Mosquito"
"534",0.00149551345962114,"H53",56,"AMA","Mosquito"
"535",0.000498504486540379,"H434",341,"AMA","Mosquito"
"536",0.000498504486540379,"H418",340,"AMA","Mosquito"
"537",0.000997008973080758,"H154",339,"AMA","Mosquito"
"538",0.000498504486540379,"H124",79,"AMA","Mosquito"
"539",0.00149551345962114,"H118",338,"AMA","Mosquito"
"540",0.000498504486540379,"H113",337,"AMA","Mosquito"
"541",0.000498504486540379,"H300",336,"AMA","Mosquito"
"542",0.000498504486540379,"H293",335,"AMA","Mosquito"
"543",0.000498504486540379,"H410",334,"AMA","Mosquito"
"544",0.000997008973080758,"H236",333,"AMA","Mosquito"
"545",0.000498504486540379,"H206",332,"AMA","Mosquito"
"546",0.00348953140578265,"H96",149,"AMA","Mosquito"
"547",0.000498504486540379,"H448",331,"AMA","Mosquito"
"548",0.000498504486540379,"H438",330,"AMA","Mosquito"
"549",0.000498504486540379,"H375",329,"AMA","Mosquito"
"550",0.00299102691924227,"H55",14,"AMA","Mosquito"
"551",0.000498504486540379,"H398",328,"AMA","Mosquito"
"552",0.000498504486540379,"H301",327,"AMA","Mosquito"
"553",0.000498504486540379,"H396",326,"AMA","Mosquito"
"554",0.000498504486540379,"H340",325,"AMA","Mosquito"
"555",0.000498504486540379,"H63",31,"AMA","Mosquito"
"556",0.000498504486540379,"H269",324,"AMA","Mosquito"
"557",0.000498504486540379,"H262",209,"AMA","Mosquito"
"558",0.000498504486540379,"H148",144,"AMA","Mosquito"
"559",0.000498504486540379,"H408",323,"AMA","Mosquito"
"560",0.000498504486540379,"H395",322,"AMA","Mosquito"
"561",0.000498504486540379,"H394",321,"AMA","Mosquito"
"562",0.000498504486540379,"H382",320,"AMA","Mosquito"
"563",0.000498504486540379,"H333",319,"AMA","Mosquito"
"564",0.000498504486540379,"H290",318,"AMA","Mosquito"
"565",0.000997008973080758,"H192",317,"AMA","Mosquito"
"566",0.000997008973080758,"H128",316,"AMA","Mosquito"
"567",0.000498504486540379,"H411",315,"AMA","Mosquito"
"568",0.00448654037886341,"H69",72,"AMA","Mosquito"
"569",0.00199401794616152,"H42",61,"AMA","Mosquito"
"570",0.000498504486540379,"H432",314,"AMA","Mosquito"
"571",0.000498504486540379,"H424",313,"AMA","Mosquito"
"572",0.00348953140578265,"H45",54,"AMA","Mosquito"
"573",0.00348953140578265,"H28",13,"AMA","Mosquito"
"574",0.000997008973080758,"H146",312,"AMA","Mosquito"
"575",0.00149551345962114,"H141",311,"AMA","Mosquito"
"576",0.000498504486540379,"H457",310,"AMA","Mosquito"
"577",0.000498504486540379,"H453",309,"AMA","Mosquito"
"578",0.000498504486540379,"H326",308,"AMA","Mosquito"
"579",0.000997008973080758,"H125",307,"AMA","Mosquito"
"580",0.00149551345962114,"H58",64,"AMA","Mosquito"
"581",0.000498504486540379,"H144",306,"AMA","Mosquito"
"582",0.000498504486540379,"H133",305,"AMA","Mosquito"
"583",0.000498504486540379,"H50",65,"AMA","Mosquito"
"584",0.000498504486540379,"H378",304,"AMA","Mosquito"
"585",0.000997008973080758,"H82",174,"AMA","Mosquito"
"586",0.000498504486540379,"H177",303,"AMA","Mosquito"
"587",0.000498504486540379,"H176",302,"AMA","Mosquito"
"588",0.000498504486540379,"H169",301,"AMA","Mosquito"
"589",0.000498504486540379,"H161",300,"AMA","Mosquito"
"590",0.000997008973080758,"H212",299,"AMA","Mosquito"
"591",0.000498504486540379,"H112",298,"AMA","Mosquito"
"592",0.000498504486540379,"H99",297,"AMA","Mosquito"
"593",0.000498504486540379,"H271",296,"AMA","Mosquito"
"594",0.000498504486540379,"H223",295,"AMA","Mosquito"
"595",0.000498504486540379,"H415",294,"AMA","Mosquito"
"596",0.000498504486540379,"H399",293,"AMA","Mosquito"
"597",0.000498504486540379,"H391",292,"AMA","Mosquito"
"598",0.000997008973080758,"H191",291,"AMA","Mosquito"
"599",0.000997008973080758,"H134",290,"AMA","Mosquito"
"600",0.000498504486540379,"H282",289,"AMA","Mosquito"
"601",0.000498504486540379,"H222",111,"AMA","Mosquito"
"602",0.000997008973080758,"H171",288,"AMA","Mosquito"
"603",0.000498504486540379,"H232",287,"AMA","Mosquito"
"604",0.000498504486540379,"H227",286,"AMA","Mosquito"
"605",0.000498504486540379,"H210",285,"AMA","Mosquito"
"606",0.000498504486540379,"H204",284,"AMA","Mosquito"
"607",0.000498504486540379,"H167",283,"AMA","Mosquito"
"608",0.000997008973080758,"H155",282,"AMA","Mosquito"
"609",0.00348953140578265,"H35",8,"AMA","Mosquito"
"610",0.00249252243270189,"H90",90,"AMA","Mosquito"
"611",0.00249252243270189,"H87",281,"AMA","Mosquito"
"612",0.000498504486540379,"H237",280,"AMA","Mosquito"
"613",0.000498504486540379,"H412",279,"AMA","Mosquito"
"614",0.00149551345962114,"H143",278,"AMA","Mosquito"
"615",0.000498504486540379,"H258",277,"AMA","Mosquito"
"616",0.000498504486540379,"H240",276,"AMA","Mosquito"
"617",0.000498504486540379,"H214",275,"AMA","Mosquito"
"618",0.000498504486540379,"H213",274,"AMA","Mosquito"
"619",0.000498504486540379,"H166",110,"AMA","Mosquito"
"620",0.00199401794616152,"H84",118,"AMA","Mosquito"
"621",0.00249252243270189,"H76",273,"AMA","Mosquito"
"622",0.000498504486540379,"H95",272,"AMA","Mosquito"
"623",0.00149551345962114,"H153",271,"AMA","Mosquito"
"624",0.00598205383848455,"H14",16,"AMA","Mosquito"
"625",0.010468594217348,"H9",2,"AMA","Mosquito"
"626",0.00498504486540379,"H30",35,"AMA","Mosquito"
"627",0.000498504486540379,"H353",270,"AMA","Mosquito"
"628",0.000498504486540379,"H216",269,"AMA","Mosquito"
"629",0.000498504486540379,"H173",268,"AMA","Mosquito"
"630",0.000997008973080758,"H111",267,"AMA","Mosquito"
"631",0.000498504486540379,"H302",266,"AMA","Mosquito"
"632",0.000498504486540379,"H190",265,"AMA","Mosquito"
"633",0.000997008973080758,"H17",27,"AMA","Mosquito"
"634",0.000498504486540379,"H315",264,"AMA","Mosquito"
"635",0.000498504486540379,"H257",263,"AMA","Mosquito"
"636",0.000498504486540379,"H253",262,"AMA","Mosquito"
"637",0.000498504486540379,"H89",261,"AMA","Mosquito"
"638",0.000498504486540379,"H337",260,"AMA","Mosquito"
"639",0.000498504486540379,"H297",259,"AMA","Mosquito"
"640",0.000498504486540379,"H107",66,"AMA","Mosquito"
"641",0.000498504486540379,"H234",258,"AMA","Mosquito"
"642",0.000997008973080758,"H194",257,"AMA","Mosquito"
"643",0.000498504486540379,"H211",256,"AMA","Mosquito"
"644",0.000997008973080758,"H139",255,"AMA","Mosquito"
"645",0.000997008973080758,"H109",254,"AMA","Mosquito"
"646",0.000498504486540379,"H225",253,"AMA","Mosquito"
"647",0.000498504486540379,"H193",252,"AMA","Mosquito"
"648",0.000498504486540379,"H174",251,"AMA","Mosquito"
"649",0.000498504486540379,"H137",250,"AMA","Mosquito"
"650",0.000498504486540379,"H335",249,"AMA","Mosquito"
"651",0.000498504486540379,"H104",44,"AMA","Mosquito"
"652",0.00199401794616152,"H92",248,"AMA","Mosquito"
"653",0.00199401794616152,"H85",204,"AMA","Mosquito"
"654",0.000498504486540379,"H430",247,"AMA","Mosquito"
"655",0.000498504486540379,"H428",246,"AMA","Mosquito"
"656",0.000498504486540379,"H404",245,"AMA","Mosquito"
"657",0.000498504486540379,"H401",244,"AMA","Mosquito"
"658",0.00498504486540379,"H26",97,"AMA","Mosquito"
"659",0.000498504486540379,"H163",243,"AMA","Mosquito"
"660",0.000498504486540379,"H359",242,"AMA","Mosquito"
"661",0.000498504486540379,"H339",241,"AMA","Mosquito"
"662",0.000498504486540379,"H313",240,"AMA","Mosquito"
"663",0.00149551345962114,"H74",4,"AMA","Mosquito"
"664",0.00398803589232303,"H40",34,"AMA","Mosquito"
"665",0.000498504486540379,"H435",239,"AMA","Mosquito"
"666",0.00249252243270189,"H88",238,"AMA","Mosquito"
"667",0.00548354935194417,"H20",21,"AMA","Mosquito"
"668",0.000498504486540379,"H93",237,"AMA","Mosquito"
"669",0.000498504486540379,"H343",236,"AMA","Mosquito"
"670",0.000498504486540379,"H280",235,"AMA","Mosquito"
"671",0.00299102691924227,"H47",18,"AMA","Mosquito"
"672",0.00847457627118644,"H38",74,"AMA","Mosquito"
"673",0.000997008973080758,"H254",234,"AMA","Mosquito"
"674",0.00299102691924227,"H71",205,"AMA","Mosquito"
"675",0.00348953140578265,"H36",33,"AMA","Mosquito"
"676",0.000498504486540379,"H452",233,"AMA","Mosquito"
"677",0.000498504486540379,"H451",232,"AMA","Mosquito"
"678",0.00149551345962114,"H86",231,"AMA","Mosquito"
"679",0.010468594217348,"H24",38,"AMA","Mosquito"
"680",0.000498504486540379,"H334",230,"AMA","Mosquito"
"681",0.000498504486540379,"H294",229,"AMA","Mosquito"
"682",0.000498504486540379,"H184",228,"AMA","Mosquito"
"683",0.00448654037886341,"H65",88,"AMA","Mosquito"
"684",0.00648055832502493,"H32",24,"AMA","Mosquito"
"685",0.00398803589232303,"H31",52,"AMA","Mosquito"
"686",0.0254237288135593,"H11",28,"AMA","Mosquito"
"687",0.000498504486540379,"H431",227,"AMA","Mosquito"
"688",0.000498504486540379,"H152",226,"AMA","Mosquito"
"689",0.00997008973080758,"H33",60,"AMA","Mosquito"
"690",0.00448654037886341,"H72",225,"AMA","Mosquito"
"691",0.0134596211365902,"H19",32,"AMA","Mosquito"
"692",0.000498504486540379,"H441",224,"AMA","Mosquito"
"693",0.00149551345962114,"H97",78,"AMA","Mosquito"
"694",0.000498504486540379,"H440",223,"AMA","Mosquito"
"695",0.000498504486540379,"H419",222,"AMA","Mosquito"
"696",0.000498504486540379,"H349",221,"AMA","Mosquito"
"697",0.00299102691924227,"H57",41,"AMA","Mosquito"
"698",0.00448654037886341,"H51",62,"AMA","Mosquito"
"699",0.000498504486540379,"H376",220,"AMA","Mosquito"
"700",0.000498504486540379,"H226",219,"AMA","Mosquito"
"701",0.000498504486540379,"H150",218,"AMA","Mosquito"
"702",0.00249252243270189,"H59",57,"AMA","Mosquito"
"703",0.00348953140578265,"H39",40,"AMA","Mosquito"
"704",0.0174476570289133,"H25",17,"AMA","Mosquito"
"705",0.0259222333000997,"H16",20,"AMA","Mosquito"
"706",0.0274177467597208,"H13",6,"AMA","Mosquito"
"707",0.000498504486540379,"H342",217,"AMA","Mosquito"
"708",0.0154536390827517,"H22",10,"AMA","Mosquito"
"709",0.000498504486540379,"H374",216,"AMA","Mosquito"
"710",0.00149551345962114,"H103",215,"AMA","Mosquito"
"711",0.00548354935194417,"H49",9,"AMA","Mosquito"
"712",0.00598205383848455,"H34",39,"AMA","Mosquito"
"713",0.0338983050847458,"H5",3,"AMA","Mosquito"
"714",0.000498504486540379,"H355",214,"AMA","Mosquito"
"715",0.0239282153539382,"H1",23,"AMA","Mosquito"
"716",0.000498504486540379,"H341",213,"AMA","Mosquito"
"717",0.000498504486540379,"H292",212,"AMA","Mosquito"
"718",0.000498504486540379,"H278",211,"AMA","Mosquito"
"719",0.000498504486540379,"H181",201,"AMA","Mosquito"
"720",0.000997008973080758,"H129",210,"AMA","Mosquito"
"721",0.00249252243270189,"H77",103,"AMA","Mosquito"
"722",0.00348953140578265,"H75",81,"AMA","Mosquito"
"723",0.0114656031904287,"H44",48,"AMA","Mosquito"
"724",0.028913260219342,"H12",5,"AMA","Mosquito"
"725",0.0119641076769691,"H10",12,"AMA","Mosquito"
"726",0.0378863409770688,"H7",50,"AMA","Mosquito"
"727",0.0154536390827517,"H15",7,"AMA","Mosquito"
"728",0.0373878364905284,"H2",11,"AMA","Mosquito"
"729",0.00249252243270189,"H79",55,"AMA","Mosquito"
"730",0.00448654037886341,"H67",80,"AMA","Mosquito"
"731",0.0174476570289133,"H41",22,"AMA","Mosquito"
"732",0.0229312063808574,"H37",102,"AMA","Mosquito"
"733",0.0269192422731805,"H29",146,"AMA","Mosquito"
"734",0.0249252243270189,"H23",36,"AMA","Mosquito"
"735",0.032901296111665,"H21",29,"AMA","Mosquito"
"736",0.0124626121635095,"H18",19,"AMA","Mosquito"
"737",0.0309072781655035,"H8",15,"AMA","Mosquito"
"738",0.0358923230309073,"H6",1,"AMA","Mosquito"
"739",0.069790628115653,"H4",49,"AMA","Mosquito"
"740",0.0707876370887338,"H3",26,"AMA","Mosquito"
